	wl	abs
0	401.618077911467	0.17561069572104548
1	402.17506892111606	0.17371230643919588
2	402.73205993076505	0.16938068590588617
3	403.2890509404141	0.1688523211142079
4	403.8460419500631	0.1680439892794232
5	404.40303295971216	0.1627313238179633
6	404.96002396936115	0.15812346606557415
7	405.5170149790102	0.15946710828420718
8	406.0740059886592	0.15432293332877167
9	406.6309969983082	0.15040562338279062
10	407.18798800795724	0.14624025491689596
11	407.7449790176063	0.1429427991008163
12	408.3019700272553	0.14345706314096196
13	408.8589610369043	0.13864952270077469
14	409.41595204655334	0.13836131527078432
15	409.9729430562024	0.13809162792495577
16	410.5299340658514	0.13704705664228167
17	411.0869250755004	0.13064524934267419
18	411.64391608514944	0.13124683185131847
19	412.2009070947985	0.12861249446178347
20	412.75789810444746	0.1267783591006335
21	413.3148891140965	0.12447251565860573
22	413.87188012374554	0.12020704679377081
23	414.4288711333946	0.12173287431367474
24	414.98586214304356	0.1151634802980801
25	415.5428531526926	0.11384558981533632
26	416.09984416234164	0.11263775921736197
27	416.6568351719906	0.11077090317821914
28	417.21382618163966	0.11225038762776762
29	417.7708171912887	0.10768269276893983
30	418.32780820093774	0.09366528086033132
31	418.8847992105867	0.09910371581459043
32	419.44179022023576	0.10368586058611418
33	419.9987812298848	0.09830692027712562
34	420.5557722395338	0.09880926643271959
35	421.1127632491828	0.09807591905837976
36	421.66975425883186	0.09901337285288703
37	422.2267452684809	0.1016427808707352
38	422.7837362781299	0.09925295153903835
39	423.3407272877789	0.09628412627593863
40	423.89771829742796	0.09779822294458462
41	424.454709307077	0.09883594969132847
42	425.011700316726	0.09724241319920446
43	425.568691326375	0.09631511463672005
44	426.12568233602406	0.09724798804897072
45	426.68267334567304	0.09905164934292832
46	427.2396643553221	0.09734997850942695
47	427.7966553649711	0.09775802451513216
48	428.35364637462015	0.0990467925950187
49	428.91063738426914	0.09516002701299242
50	429.4676283939182	0.09633225591510008
51	430.0246194035672	0.0952366909572151
52	430.58161041321625	0.0977931992593839
53	431.13860142286524	0.09908957663733098
54	431.6955924325143	0.09844578710441265
55	432.2525834421633	0.0987170653649041
56	432.8095744518123	0.09621083747592274
57	433.36656546146133	0.09616390132838992
58	433.9235564711104	0.09708893562682297
59	434.48054748075936	0.09957190703960905
60	435.0375384904084	0.09871241310213774
61	435.59452950005743	0.09760816021362917
62	436.1515205097065	0.09705098948552426
63	436.70851151935545	0.09773952036483391
64	437.2655025290045	0.09606092992338655
65	437.82249353865353	0.09651184557328096
66	438.37948454830257	0.09705288779912635
67	438.93647555795155	0.09558328430141261
68	439.4934665676006	0.09548505563493981
69	440.05045757724963	0.09793997649726838
70	440.6074485868986	0.09571114234859279
71	441.16443959654765	0.09663983563793854
72	441.7214306061967	0.09744177423913625
73	442.27842161584573	0.09679164228120385
74	442.8354126254947	0.09884190995730702
75	443.39240363514375	0.09853088463407444
76	443.9493946447928	0.09760432015793064
77	444.50638565444183	0.09913047823357801
78	445.0633766640908	0.100629024183577
79	445.62036767373985	0.10172009101237278
80	446.1773586833889	0.10294982948564124
81	446.73434969303787	0.10587266254007899
82	447.2913407026869	0.10544525577290487
83	447.84833171233595	0.10517670684157876
84	448.40532272198493	0.10666185063195499
85	448.96231373163397	0.1081786427574275
86	449.519304741283	0.11068569812551698
87	450.07629575093205	0.11089992670294901
88	450.63328676058103	0.11157452004214319
89	451.19027777023007	0.11254561838021016
90	451.7472687798791	0.11251413188987014
91	452.30425978952815	0.11438822419995742
92	452.8612507991771	0.11542422731241475
93	453.41824180882617	0.11515095991589253
94	453.9752328184752	0.11724286295245767
95	454.5322238281242	0.11808604061033212
96	455.0892148377732	0.11754643544901566
97	455.64620584742227	0.11929824999199612
98	456.2031968570713	0.12154409958167056
99	456.7601878667203	0.12436331140583368
100	457.3171788763693	0.12349587530334338
101	457.87416988601836	0.12497729140510938
102	458.4311608956674	0.12568587905590878
103	458.9881519053164	0.1262396722230168
104	459.5451429149654	0.12809546143498762
105	460.10213392461446	0.129194912899392
106	460.65912493426345	0.12979640615692978
107	461.2161159439125	0.129112855278941
108	461.7731069535615	0.12914297622427773
109	462.3300979632105	0.1291760962188817
110	462.88708897285954	0.13004005757963788
111	463.4440799825086	0.1285461840305956
112	464.0010709921576	0.12864476680984283
113	464.55806200180666	0.12927739964570228
114	465.11505301145564	0.1282441281097575
115	465.6720440211047	0.12819610060257236
116	466.2290350307537	0.12656727096752063
117	466.7860260404027	0.1260952143400894
118	467.34301705005174	0.1246060831262753
119	467.9000080597008	0.1250569167636284
120	468.45699906934976	0.12410215955115
121	469.0139900789988	0.12373552065753124
122	469.57098108864784	0.12276543703466625
123	470.1279720982969	0.12160108797453673
124	470.68496310794586	0.1219528221645716
125	471.2419541175949	0.12087157400081783
126	471.79894512724394	0.12025866545256447
127	472.355936136893	0.11910659261477208
128	472.91292714654196	0.12046990812384406
129	473.469918156191	0.12148394655282913
130	474.02690916584004	0.12162614738658073
131	474.583900175489	0.12243972788857715
132	475.14089118513806	0.12224031380770939
133	475.6978821947871	0.12416840767814763
134	476.2548732044361	0.12449650723517158
135	476.8118642140851	0.12613170322401024
136	477.36885522373416	0.1272218939231573
137	477.9258462333832	0.1294681296954564
138	478.48283724303224	0.1308647672544594
139	479.0398282526812	0.13333995065960413
140	479.59681926233026	0.13441847123290196
141	480.1538102719793	0.13706750120151556
142	480.7108012816283	0.13986802619287608
143	481.2677922912773	0.14094577155762056
144	481.82478330092636	0.14170185708608318
145	482.38177431057534	0.1456885341985411
146	482.9387653202244	0.1467823131195941
147	483.4957563298734	0.14786179357426854
148	484.05274733952245	0.1509974555137259
149	484.6097383491715	0.15194991198391572
150	485.1667293588205	0.15356366885305262
151	485.7237203684695	0.15466921679159773
152	486.28071137811855	0.155181851004924
153	486.83770238776754	0.15774163342966707
154	487.3946933974166	0.1580444464675499
155	487.9516844070656	0.15825196517624074
156	488.5086754167146	0.15821999932562658
157	489.06566642636363	0.1583152897006096
158	489.6226574360127	0.15818276483786176
159	490.17964844566166	0.15722142450971122
160	490.7366394553107	0.15552406655367257
161	491.29363046495973	0.15638795371967473
162	491.8506214746088	0.15392551141633748
163	492.4076124842578	0.15329724358926888
164	492.9646034939068	0.1514198549744813
165	493.52159450355583	0.15049126025366621
166	494.07858551320487	0.14874280420800234
167	494.63557652285385	0.14725910596406633
168	495.1925675325029	0.14522458857299592
169	495.74955854215193	0.1436876315373441
170	496.3065495518009	0.14169914350395119
171	496.86354056144995	0.1385299742588787
172	497.420531571099	0.1370425110637743
173	497.97752258074803	0.13505992609239503
174	498.53451359039707	0.13326832181634907
175	499.09150460004605	0.1311035336784364
176	499.6484956096951	0.12867087649157416
177	500.20548661934413	0.12646595579446263
178	500.7624776289931	0.1244117919187806
179	501.31946863864215	0.12252936281587867
180	501.8764596482912	0.11976449541096845
181	502.43345065794017	0.1190059830904423
182	502.9904416675892	0.1162983370904247
183	503.54743267723825	0.11534502708209904
184	504.10442368688723	0.11437233271894731
185	504.66141469653627	0.11270671618771655
186	505.2184057061853	0.11101657864762715
187	505.77539671583435	0.11067544420559139
188	506.3323877254834	0.10959392631636211
189	506.88937873513237	0.10899582221917581
190	507.4463697447814	0.109221945945568
191	508.00336075443045	0.10734045890103416
192	508.5603517640794	0.10749006387290816
193	509.11734277372847	0.10752451148482622
194	509.6743337833775	0.10707126737965045
195	510.2313247930265	0.10791655822471935
196	510.7883158026755	0.10808436550914746
197	511.34530681232457	0.10848663497070699
198	511.9022978219736	0.10898805873846673
199	512.4592888316226	0.10973239788833378
200	513.0162798412716	0.11093601195355152
201	513.5732708509206	0.11149036842329574
202	514.1302618605697	0.11251388352484148
203	514.6872528702187	0.1137580005621831
204	515.2442438798678	0.11386503960933636
205	515.8012348895168	0.11575395400294985
206	516.3582258991657	0.11558619929219749
207	516.9152169088148	0.11813133382471519
208	517.4722079184638	0.11820625157283282
209	518.0291989281128	0.11996694067086777
210	518.5861899377619	0.11968035688924683
211	519.1431809474109	0.12130519698808062
212	519.7001719570599	0.12152779501843503
213	520.257162966709	0.12279062478662495
214	520.8141539763579	0.12429474030678966
215	521.371144986007	0.12417868319530267
216	521.928135995656	0.12439616917132013
217	522.485127005305	0.1241214301588327
218	523.042118014954	0.12442198001847671
219	523.5991090246031	0.12449660778788985
220	524.1561000342521	0.1256142910270489
221	524.7130910439012	0.12431449794229354
222	525.2700820535501	0.12419460193710574
223	525.8270730631991	0.12489506246690996
224	526.3840640728482	0.1227962033364941
225	526.9410550824972	0.12142279949200507
226	527.4980460921463	0.12105176878577828
227	528.0550371017953	0.11943243450380314
228	528.6120281114443	0.11705569517315895
229	529.1690191210932	0.11573066564477708
230	529.7260101307423	0.11386828076165456
231	530.2830011403913	0.11270759655209062
232	530.8399921500404	0.10996944528187302
233	531.3969831596894	0.10812181154528011
234	531.9539741693384	0.10548228931159076
235	532.5109651789875	0.10325262210147501
236	533.0679561886365	0.10087192488030483
237	533.6249471982856	0.09933153677269413
238	534.1819382079345	0.09627194298327246
239	534.7389292175835	0.094115113320552
240	535.2959202272325	0.09202574296535937
241	535.8529112368816	0.08913920161329114
242	536.4099022465306	0.08765084221342379
243	536.9668932561797	0.08497691729674206
244	537.5238842658287	0.08256784096191916
245	538.0808752754776	0.07990206723987936
246	538.6378662851267	0.07782639399165547
247	539.1948572947757	0.07537152515661827
248	539.7518483044247	0.07328454002509222
249	540.3088393140738	0.0708155472338663
250	540.8658303237228	0.06795345499172145
251	541.4228213333718	0.06506953530367177
252	541.9798123430209	0.06356586290147825
253	542.5368033526698	0.06137868123714585
254	543.0937943623189	0.06042808901017849
255	543.6507853719679	0.05776591595340386
256	544.2077763816169	0.05602584757357676
257	544.7647673912659	0.0551740231051735
258	545.321758400915	0.05356391851362696
259	545.878749410564	0.05150916811245454
260	546.435740420213	0.04966708659694785
261	546.992731429862	0.048055490428603576
262	547.549722439511	0.04688817614093954
263	548.1067134491601	0.045423239393145964
264	548.6637044588091	0.04440942840559903
265	549.2206954684582	0.04426677178274052
266	549.7776864781072	0.04200996556370362
267	550.3346774877562	0.04134718818660821
268	550.8916684974051	0.0403648868082942
269	551.4486595070542	0.03974177419152769
270	552.0056505167032	0.038715978439498366
271	552.5626415263523	0.038974603695282606
272	553.1196325360013	0.037839250313961736
273	553.6766235456503	0.03687650184687663
274	554.2336145552994	0.036076756618927286
275	554.7906055649484	0.035942655272212964
276	555.3475965745974	0.034422242978405126
277	555.9045875842464	0.03469977334804808
278	556.4615785938954	0.0345115758545711
279	557.0185696035444	0.034635903017514846
280	557.5755606131935	0.03400225008942259
281	558.1325516228425	0.03403712970641215
282	558.6895426324916	0.0343744448129818
283	559.2465336421405	0.03367350280690784
284	559.8035246517895	0.03464487918670445
285	560.3605156614386	0.03413959563695146
286	560.9175066710876	0.034198331053533426
287	561.4744976807367	0.03441171540884136
288	562.0314886903857	0.03542693060855484
289	562.5884797000347	0.03559196899078876
290	563.1454707096837	0.034970661802805614
291	563.7024617193327	0.03538017052258213
292	564.2594527289817	0.03568871682783137
293	564.8164437386308	0.035905414901913124
294	565.3734347482798	0.03569528131389854
295	565.9304257579288	0.03586589406855789
296	566.4874167675779	0.036580862588508456
297	567.0444077772269	0.035950773911723966
298	567.601398786876	0.036897978839606216
299	568.158389796525	0.036778588816561264
300	568.7153808061739	0.037770492630746166
301	569.2723718158229	0.037428464007604356
302	569.829362825472	0.03806700558111775
303	570.386353835121	0.038330940820381465
304	570.9433448447701	0.03782174774313651
305	571.5003358544191	0.039163575112972526
306	572.057326864068	0.04022394222646963
307	572.6143178737171	0.039367590326923385
308	573.1713088833661	0.04057795210202697
309	573.7282998930151	0.04161436441809274
310	574.2852909026642	0.042038131762282105
311	574.8422819123132	0.04135929862725063
312	575.3992729219622	0.04195095901279433
313	575.9562639316113	0.04287218866919773
314	576.5132549412602	0.043005395179630757
315	577.0702459509093	0.04484484878671824
316	577.6272369605583	0.04538915227550422
317	578.1842279702073	0.04733147658822867
318	578.7412189798563	0.04733514838307373
319	579.2982099895054	0.04826786100218239
320	579.8552009991544	0.0493870544536511
321	580.4121920088035	0.051015184538423464
322	580.9691830184524	0.051264089992013706
323	581.5261740281014	0.05272746160453168
324	582.0831650377505	0.053687786209483335
325	582.6401560473995	0.053657254066735605
326	583.1971470570486	0.05519844234182547
327	583.7541380666976	0.05647981418280368
328	584.3111290763466	0.05817960551527812
329	584.8681200859955	0.059344553928064814
330	585.4251110956446	0.06047002829660075
331	585.9821021052936	0.06151358478651481
332	586.5390931149427	0.06241257358885677
333	587.0960841245917	0.06427563576915729
334	587.6530751342407	0.06533310409674442
335	588.2100661438898	0.06678707972015663
336	588.7670571535388	0.06777197866067453
337	589.3240481631879	0.06896317582095723
338	589.8810391728368	0.0697082334320015
339	590.4380301824858	0.06996029691572292
340	590.9950211921348	0.07100866901596681
341	591.5520122017839	0.0722736892350011
342	592.1090032114329	0.07142993663426778
343	592.665994221082	0.07195760188562084
344	593.222985230731	0.07142355845739312
345	593.7799762403799	0.07197511795497136
346	594.336967250029	0.0697791599502039
347	594.893958259678	0.07113422113850454
348	595.4509492693271	0.06945404254954624
349	596.0079402789761	0.0688825125747572
350	596.5649312886251	0.06857103455917879
351	597.1219222982741	0.06643296377122343
352	597.6789133079232	0.06658536651217017
353	598.2359043175721	0.06473902761204575
354	598.7928953272212	0.06414686523217605
355	599.3498863368702	0.06247636548127444
356	599.9068773465192	0.05999371737561665
357	600.4638683561683	0.059697744475850856
358	601.0208593658173	0.05811355026892573
359	601.5778503754663	0.055795273810025914
360	602.1348413851154	0.05496097741788786
361	602.6918323947643	0.05333065889327138
362	603.2488234044133	0.05193040686869399
363	603.8058144140624	0.05094683815965617
364	604.3628054237114	0.049240485444695725
365	604.9197964333605	0.048664034570074066
366	605.4767874430095	0.04748662092886846
367	606.0337784526585	0.0452380777557988
368	606.5907694623074	0.044293406399294355
369	607.1477604719565	0.0431878769913534
370	607.7047514816055	0.040827500554477036
371	608.2617424912546	0.039903123449759215
372	608.8187335009036	0.03877412250246626
373	609.3757245105526	0.036537899249472594
374	609.9327155202017	0.036622788321678534
375	610.4897065298507	0.03405114090195516
376	611.0466975394997	0.03450989042567576
377	611.6036885491487	0.031768856070401474
378	612.1606795587977	0.03124645234679313
379	612.7176705684467	0.030182263618720895
380	613.2746615780958	0.02837976804506992
381	613.8316525877448	0.027843106874475887
382	614.3886435973939	0.026777996157974937
383	614.9456346070428	0.02598599383121436
384	615.5026256166918	0.025161203529916243
385	616.0596166263409	0.02412879950366298
386	616.6166076359899	0.023322161797324936
387	617.173598645639	0.022564795730431797
388	617.730589655288	0.021962375010877944
389	618.287580664937	0.020447196309511417
390	618.844571674586	0.02100783118807903
391	619.401562684235	0.019495135391829566
392	619.958553693884	0.01909217043841205
393	620.5155447035331	0.019603666184251245
394	621.0725357131821	0.017429794780846053
395	621.6295267228311	0.01801030920168656
396	622.1865177324802	0.017695254092015777
397	622.7435087421292	0.018647497869506924
398	623.3004997517783	0.018142566498830615
399	623.8574907614272	0.018126069467453987
400	624.4144817710762	0.018559198824336987
401	624.9714727807252	0.0184213985143441
402	625.5284637903743	0.018755745489663078
403	626.0854548000233	0.018368537844331456
404	626.6424458096724	0.018303216158666258
405	627.1994368193214	0.018530456616473012
406	627.7564278289703	0.01899238477671117
407	628.3134188386194	0.019848146709966263
408	628.8704098482684	0.020269299127540386
409	629.4274008579175	0.020462910234419707
410	629.9843918675665	0.020197417654686967
411	630.5413828772155	0.021431610498631293
412	631.0983738868645	0.020103314684556284
413	631.6553648965136	0.020441898660824687
414	632.2123559061625	0.020413951639959627
415	632.7693469158116	0.02107692129395733
416	633.3263379254606	0.02026578977967619
417	633.8833289351096	0.02129761685254783
418	634.4403199447587	0.022952356707699795
419	634.9973109544077	0.02273853686255667
420	635.5543019640567	0.023902704777779893
421	636.1112929737058	0.02553964638220152
422	636.6682839833547	0.02383299714917808
423	637.2252749930037	0.02510710958163853
424	637.7822660026528	0.025793932103073458
425	638.3392570123018	0.025986390023723493
426	638.8962480219509	0.02645982223186305
427	639.4532390315999	0.025978745319622742
428	640.0102300412489	0.025929445784224292
429	640.5672210508978	0.026493957879847763
430	641.1242120605469	0.02599059782783575
431	641.6812030701959	0.026382744296125193
432	642.238194079845	0.026512995961503028
433	642.795185089494	0.025510769051415805
434	643.352176099143	0.0265335616872302
435	643.9091671087921	0.02557022136317777
436	644.4661581184411	0.024677288806978948
437	645.0231491280902	0.025372538362230523
438	645.5801401377391	0.024677050761382824
439	646.1371311473881	0.02517236444333859
440	646.6941221570371	0.02457979550737066
441	647.2511131666862	0.024760381446336632
442	647.8081041763352	0.024345541680583893
443	648.3650951859843	0.02357017978420839
444	648.9220861956333	0.0232390793400028
445	649.4790772052822	0.023556268716068973
446	650.0360682149313	0.022864025200949323
447	650.5930592245803	0.023692567634394868
448	651.1500502342294	0.022054048926743786
449	651.7070412438784	0.022447667753256795
450	652.2640322535274	0.020271351159862228
451	652.8210232631764	0.023266909706891825
452	653.3780142728255	0.019848632630519725
453	653.9350052824744	0.02188249507237716
454	654.4919962921235	0.0205730585045083
455	655.0489873017725	0.020741029056092986
456	655.6059783114215	0.02012375647584841
457	656.1629693210706	0.019965727811075307
458	656.7199603307196	0.02109878715329494
459	657.2769513403687	0.01871534473324954
460	657.8339423500177	0.018301413725100968
461	658.3909333596666	0.01973319695068676
462	658.9479243693156	0.019101525451448942
463	659.5049153789647	0.01938919613491763
464	660.0619063886137	0.01879424304927857
465	660.6188973982628	0.017710594960888337
466	661.1758884079118	0.0186126807619883
467	661.7328794175608	0.020675514233277292
468	662.2898704272097	0.017815429765501545
469	662.8468614368588	0.018550886440416248
470	663.4038524465079	0.019036134641504
471	663.9608434561569	0.01957694786549835
472	664.5178344658059	0.020014839030977116
473	665.0748254754549	0.02045042244735662
474	665.631816485104	0.018530389198650576
475	666.188807494753	0.019870869398566304
476	666.745798504402	0.021871552483168077
477	667.302789514051	0.021628680641968878
478	667.8597805237	0.02169506287508982
479	668.416771533349	0.022728855339175902
480	668.9737625429981	0.022581550677689077
481	669.5307535526472	0.02266405210614375
482	670.0877445622962	0.023506663818141593
483	670.6447355719451	0.023310400094107675
484	671.2017265815941	0.024683859881672543
485	671.7587175912432	0.02522885196733382
486	672.3157086008922	0.025176763251145373
487	672.8726996105413	0.02576933896674838
488	673.4296906201903	0.027243986083318905
489	673.9866816298393	0.029122796228083447
490	674.5436726394882	0.026812875562265415
491	675.1006636491373	0.028574118218584244
492	675.6576546587864	0.02948514916090572
493	676.2146456684354	0.028913564777198975
494	676.7716366780844	0.030133509478656118
495	677.3286276877334	0.0304468018746209
496	677.8856186973824	0.030163983833408126
497	678.4426097070315	0.03140435977368783
498	678.9996007166806	0.03213577060552286
499	679.5565917263295	0.031124103827874783
500	680.1135827359785	0.03299772138123325
501	680.6705737456275	0.032885733363588354
502	681.2275647552766	0.030419307902105897
503	681.7845557649257	0.03207234555345584
504	682.3415467745747	0.03447772199866739
505	682.8985377842237	0.03247957752905961
506	683.4555287938726	0.03457986073978525
507	684.0125198035216	0.031150396610732267
508	684.5695108131707	0.034428676034415906
509	685.1265018228198	0.03363824050912656
510	685.6834928324688	0.032301666605480506
511	686.2404838421178	0.03230216474419134
512	686.7974748517668	0.033123977603053856
513	687.3544658614159	0.03128756650305031
514	687.9114568710648	0.03140758431637214
515	688.4684478807139	0.0313470273829225
516	689.0254388903629	0.031207046453921028
517	689.5824299000119	0.030341052011879865
518	690.1394209096609	0.03015970885373409
519	690.69641191931	0.029236739103688514
520	691.2534029289591	0.029350985449456024
521	691.8103939386081	0.028315257120038795
522	692.367384948257	0.0281609416830626
523	692.924375957906	0.027239137914496836
524	693.4813669675551	0.02695723235581371
525	694.0383579772041	0.027407971503319417
526	694.5953489868532	0.02605035141462919
527	695.1523399965022	0.02735168228005036
528	695.7093310061512	0.023562885110659293
529	696.2663220158001	0.024701833432180353
530	696.8233130254492	0.024869457220229707
531	697.3803040350983	0.023794437800824464
532	697.9372950447473	0.02331814313404723
533	698.4942860543963	0.023205076937425573
534	699.0512770640453	0.02187953249071295
535	699.6082680736944	0.023440105651635124
536	700.1652590833434	0.022063543503962002
537	700.7222500929925	0.02050560886327435
538	701.2792411026414	0.0207271770024281
539	701.8362321122904	0.021431848566594747
540	702.3932231219394	0.019702156676988825
541	702.9502141315885	0.01987738074693879
542	703.5072051412376	0.020993953758041695
543	704.0641961508866	0.01998986756793142
544	704.6211871605356	0.019795407392091624
545	705.1781781701845	0.01849708698833341
546	705.7351691798336	0.018648430612514977
547	706.2921601894826	0.01810659334935183
548	706.8491511991317	0.01715004976827017
549	707.4061422087807	0.01831444273169569
550	707.9631332184297	0.01833922102551544
551	708.5201242280787	0.019860997780405065
552	709.0771152377278	0.02047335634188263
553	709.6341062473768	0.020689732789079485
554	710.1910972570258	0.020912936980422958
555	710.7480882666748	0.0222875585785709
556	711.3050792763238	0.02147651400551842
557	711.8620702859728	0.02037785523852964
558	712.4190612956219	0.02240824139445441
559	712.976052305271	0.02286117218157413
560	713.53304331492	0.020851043456851737
561	714.0900343245689	0.022073319116190593
562	714.6470253342179	0.022136807438733697
563	715.204016343867	0.022609767902201594
564	715.761007353516	0.023730441940797653
565	716.3179983631651	0.023678803395340786
566	716.8749893728141	0.02315026132546094
567	717.431980382463	0.02577545552275251
568	717.988971392112	0.02635990246872033
569	718.5459624017611	0.0251463735505707
570	719.1029534114102	0.02754303827638893
571	719.6599444210592	0.028129511523981576
572	720.2169354307082	0.02827974162910185
573	720.7739264403572	0.02990864868348453
574	721.3309174500063	0.03140583606362335
575	721.8879084596553	0.028006271716630282
576	722.4448994693043	0.03207428521910316
577	723.0018904789533	0.03241409939333717
578	723.5588814886023	0.031451207718212415
579	724.1158724982513	0.0343523212858301
580	724.6728635079004	0.03274108182565061
581	725.2298545175495	0.033613347768641444
582	725.7868455271985	0.03551053552154004
583	726.3438365368474	0.03571628427703322
584	726.9008275464964	0.03570098268612065
585	727.4578185561455	0.03583042612282428
586	728.0148095657945	0.03652375611824066
587	728.5718005754436	0.03618434472180643
588	729.1287915850926	0.03760979720973556
589	729.6857825947416	0.037305375718592715
590	730.2427736043905	0.03852364777816153
591	730.7997646140396	0.03800632715083152
592	731.3567556236887	0.03679530469631165
593	731.9137466333377	0.03951477002995707
594	732.4707376429867	0.039488348954867414
595	733.0277286526357	0.03703010001339979
596	733.5847196622848	0.04038912889756929
597	734.1417106719338	0.037745299775648666
598	734.6987016815829	0.038376554113121575
599	735.2556926912318	0.040179505269544724
600	735.8126837008808	0.03770313133530967
601	736.3696747105298	0.040109263927877614
602	736.9266657201789	0.03899758370950934
603	737.483656729828	0.03816258364028635
604	738.040647739477	0.0403390457008288
605	738.597638749126	0.03864305232112808
606	739.154629758775	0.037646400633781996
607	739.7116207684239	0.0399181717069349
608	740.268611778073	0.039328744750211087
609	740.8256027877221	0.038725375708921095
610	741.3825937973711	0.040489271810878136
611	741.9395848070201	0.03631506391746975
612	742.4965758166691	0.04043515077719939
613	743.0535668263182	0.03857010891490753
614	743.6105578359673	0.03845984154229243
615	744.1675488456162	0.039838513612692306
616	744.7245398552652	0.03842770539316476
617	745.2815308649142	0.03843175138126742
618	745.8385218745632	0.03921300275622874
619	746.3955128842123	0.0381827122551992
620	746.9525038938614	0.03983966132092709
621	747.5094949035104	0.03850549592863062
622	748.0664859131593	0.037997001175537615
623	748.6234769228083	0.039540365483003104
624	749.1804679324574	0.038705952134289845
625	749.7374589421064	0.03861037046444893
626	750.2944499517555	0.038447767345153205
627	750.8514409614045	0.039418581991214174
628	751.4084319710535	0.04038490379826054
629	751.9654229807024	0.03770655956960545
630	752.5224139903515	0.040231502863322444
631	753.0794050000006	0.04013352628014899
632	753.6363960096496	0.03922652003892513
633	754.1933870192986	0.04082104698880151
634	754.7503780289476	0.040338041568589
635	755.3073690385967	0.04077013545220576
636	755.8643600482457	0.04109809088302885
637	756.4213510578948	0.041784024341036785
638	756.9783420675437	0.043364796530757865
639	757.5353330771927	0.041246023497295115
640	758.0923240868417	0.04295952863743724
641	758.6493150964908	0.04505223773444689
642	759.2063061061399	0.04332685297692185
643	759.7632971157889	0.04578357106029496
644	760.3202881254379	0.046991635654182184
645	760.8772791350868	0.04724388604740004
646	761.4342701447359	0.04564822119063139
647	761.9912611543849	0.048534954051282275
648	762.548252164034	0.048335428900163735
649	763.105243173683	0.04994581134674181
650	763.662234183332	0.05055496919850988
651	764.219225192981	0.050176792006736526
652	764.77621620263	0.05330231261034846
653	765.3332072122791	0.05505092555023816
654	765.8901982219281	0.05304542044786442
655	766.4471892315771	0.0562747158461947
656	767.0041802412261	0.05591005422084405
657	767.5611712508752	0.05768713260293923
658	768.1181622605242	0.05721857396888885
659	768.6751532701733	0.05899880862237228
660	769.2321442798223	0.0613384041809113
661	769.7891352894712	0.061869746613773535
662	770.3461262991202	0.0635216906249676
663	770.9031173087693	0.0629117935018153
664	771.4601083184184	0.06610071679875884
665	772.0170993280674	0.06632607681648683
666	772.5740903377164	0.06742462620822631
667	773.1310813473654	0.06881391005426807
668	773.6880723570143	0.0718688899693265
669	774.2450633666634	0.07182816978384454
670	774.8020543763125	0.07358731906083982
671	775.3590453859615	0.07499598269978602
672	775.9160363956105	0.07651067434405379
673	776.4730274052595	0.07837362893904576
674	777.0300184149086	0.0805748941781197
675	777.5870094245576	0.0802628663149676
676	778.1440004342066	0.083342221548654
677	778.7009914438556	0.08424088093603199
678	779.2579824535046	0.08733281379369018
679	779.8149734631536	0.08821109277454986
680	780.3719644728027	0.08925525617637053
681	780.9289554824518	0.09191125474579387
682	781.4859464921008	0.09401520312792966
683	782.0429375017497	0.09625649031328554
684	782.5999285113987	0.09709237095017609
685	783.1569195210478	0.10048071433001204
686	783.7139105306968	0.10216062448541552
687	784.2709015403459	0.10398288691034285
688	784.8278925499949	0.10545898360525063
689	785.3848835596439	0.10830016559067568
690	785.9418745692928	0.11097131690946382
691	786.498865578942	0.11335525649902178
692	787.055856588591	0.11534255190057796
693	787.61284759824	0.11808560098525522
694	788.169838607889	0.12062632036196941
695	788.726829617538	0.1232731061318243
696	789.2838206271871	0.12545798730379043
697	789.8408116368361	0.1267966944020371
698	790.3978026464852	0.13139622753920288
699	790.9547936561341	0.1329626955239107
700	791.5117846657831	0.1378060265350537
701	792.0687756754321	0.13965027037933253
702	792.6257666850812	0.14281783835560402
703	793.1827576947303	0.14650049314974978
704	793.7397487043793	0.14925425430647676
705	794.2967397140283	0.15100259113092873
706	794.8537307236772	0.1535211276600008
707	795.4107217333263	0.15786939772825526
708	795.9677127429753	0.15958766427334392
709	796.5247037526244	0.163795729531929
710	797.0816947622734	0.16415523724763137
711	797.6386857719224	0.16808839787549745
712	798.1956767815714	0.1703701507142621
713	798.7526677912205	0.17222060451151344
714	799.3096588008696	0.17334006878235653
715	799.8666498105185	0.1744693117210957
716	800.4236408201675	0.17615085687070653
717	800.9806318298165	0.17529540089631213
718	801.5376228394655	0.17499428616752954
719	802.0946138491146	0.17385205582625074
720	802.6516048587637	0.1726394050147958
721	803.2085958684127	0.16915192263616474
722	803.7655868780616	0.16716735816159556
723	804.3225778877106	0.16290237345398895
724	804.8795688973597	0.160989567799951
725	805.4365599070088	0.1543450554625907
726	805.9935509166578	0.1515137654022809
727	806.5505419263068	0.14366777997600166
728	807.1075329359558	0.14004093862844091
729	807.6645239456047	0.13412120258468185
730	808.2215149552538	0.12873705774326916
731	808.7785059649029	0.12295975161468653
732	809.3354969745519	0.11811096467755744
733	809.8924879842009	0.11249739566383099
734	810.4494789938499	0.10723747321344657
735	811.006470003499	0.1029041838620034
736	811.563461013148	0.09768781847020491
737	812.120452022797	0.09348172566471469
738	812.677443032446	0.08890505172539553
739	813.234434042095	0.08531380940626088
740	813.791425051744	0.0828427718945216
741	814.3484160613931	0.07868349462302449
742	814.9054070710422	0.07619995161897641
743	815.4623980806912	0.07437726168116088
744	816.0193890903402	0.07114989253490489
745	816.5763800999891	0.06924494257799063
746	817.1333711096382	0.06775994496924742
747	817.6903621192872	0.06678622110984522
748	818.2473531289363	0.0650549144071787
749	818.8043441385853	0.06450860692449634
750	819.3613351482343	0.06353792073359188
751	819.9183261578833	0.06447000706580386
752	820.4753171675324	0.06233128263251364
753	821.0323081771814	0.06153673016225247
754	821.5892991868304	0.06152064905683097
755	822.1462901964794	0.06263256803858552
756	822.7032812061284	0.062239041777423454
757	823.2602722157775	0.06235948272370895
758	823.8172632254265	0.06293810801530564
759	824.3742542350756	0.06492394989170092
760	824.9312452447246	0.0636527135660152
761	825.4882362543735	0.06608128144787095
762	826.0452272640225	0.06609148225502781
763	826.6022182736716	0.0673968712563
764	827.1592092833207	0.06877985185358959
765	827.7162002929697	0.06919860154624147
766	828.2731913026187	0.0700061528560304
767	828.8301823122677	0.07306176055280866
768	829.3871733219167	0.07352243512466028
769	829.9441643315657	0.07509231430652519
770	830.5011553412148	0.07707415004919471
771	831.0581463508638	0.0794710488795709
772	831.6151373605128	0.0811780073735362
773	832.1721283701618	0.08246927358707601
774	832.7291193798109	0.08457914758957241
775	833.28611038946	0.0862983178285518
776	833.843101399109	0.08954480925361463
777	834.4000924087579	0.09252351586343421
778	834.9570834184069	0.09409843981860999
779	835.5140744280559	0.09729577562440739
780	836.071065437705	0.10158612191130423
781	836.6280564473541	0.10315139103429782
782	837.1850474570031	0.10725253444521621
783	837.742038466652	0.10997544141632332
784	838.299029476301	0.11403087867273232
785	838.8560204859501	0.11789261676569796
786	839.4130114955991	0.12070533612806789
787	839.9700025052482	0.12485966693786654
788	840.5269935148972	0.12991728372278966
789	841.0839845245462	0.13231526632211654
790	841.6409755341951	0.1388665519283383
791	842.1979665438442	0.14035078591723327
792	842.7549575534933	0.14806508211703406
793	843.3119485631423	0.15108689645802453
794	843.8689395727913	0.15703931246448166
795	844.4259305824403	0.160908156084694
796	844.9829215920894	0.16743426864018096
797	845.5399126017384	0.1711212745029974
798	846.0969036113875	0.17647457664779964
799	846.6538946210364	0.18251070552116744
800	847.2108856306854	0.18826538426529849
801	847.7678766403344	0.1940857574167374
802	848.3248676499835	0.19937626245026274
803	848.8818586596326	0.20647734243299865
804	849.4388496692816	0.21161269257592918
805	849.9958406789306	0.2175786122694202
806	850.5528316885795	0.2221998966924129
807	851.1098226982286	0.22901933380644002
808	851.6668137078776	0.23418301357498839
809	852.2238047175267	0.2405048783632776
810	852.7807957271757	0.24455528399630555
811	853.3377867368247	0.25068585346520744
812	853.8947777464737	0.2526979492172955
813	854.4517687561228	0.2589625738594885
814	855.0087597657719	0.2608564920989258
815	855.5657507754208	0.2646680010447844
816	856.1227417850698	0.2671479393864419
817	856.6797327947188	0.2688980827029245
818	857.2367238043679	0.2713154517438505
819	857.7937148140169	0.27174788532066896
820	858.350705823666	0.2740681427083894
821	858.907696833315	0.27159276217372086
822	859.4646878429639	0.27169353405856755
823	860.0216788526129	0.26995686071197544
824	860.578669862262	0.2700647665456726
825	861.1356608719111	0.2661787452707045
826	861.6926518815601	0.26617078940793026
827	862.2496428912091	0.261147296995788
828	862.8066339008581	0.25755404061495135
829	863.363624910507	0.2547828215555058
830	863.9206159201561	0.24915520585515671
831	864.4776069298052	0.24666516288718066
832	865.0345979394542	0.23957756656586948
833	865.5915889491032	0.23696639667862318
834	866.1485799587522	0.228575846712183
835	866.7055709684013	0.22544530001077234
836	867.2625619780504	0.2180008271973627
837	867.8195529876994	0.21428572454189754
838	868.3765439973483	0.20679052914378937
839	868.9335350069973	0.20171866109805525
840	869.4905260166463	0.19633510875990423
841	870.0475170262954	0.18840267847771186
842	870.6045080359445	0.18415745369183156
843	871.1614990455935	0.17671140952810327
844	871.7184900552425	0.17288380127136338
845	872.2754810648914	0.1652447978264444
846	872.8324720745405	0.16007387481509583
847	873.3894630841895	0.1538555573738396
848	873.9464540938386	0.1490024101899774
849	874.5034451034876	0.1434411523850163
850	875.0604361131366	0.13712923332796012
851	875.6174271227856	0.13402321642437287
852	876.1744181324347	0.12679531373094155
853	876.7314091420837	0.12309388114132869
854	877.2884001517327	0.11630924747247517
855	877.8453911613817	0.11341468641131702
856	878.4023821710307	0.10841052070942692
857	878.9593731806798	0.10253951429574515
858	879.5163641903288	0.09972389830044526
859	880.0733551999779	0.09331960966043273
860	880.6303462096269	0.0921739516990272
861	881.1873372192758	0.08490381525633195
862	881.7443282289248	0.0840719591877408
863	882.3013192385739	0.07810442026078612
864	882.858310248223	0.07615212785927361
865	883.415301257872	0.0723843839027134
866	883.972292267521	0.06784123692316524
867	884.52928327717	0.06660656584743341
868	885.086274286819	0.06124332741833172
869	885.643265296468	0.05982569311179753
870	886.2002563061171	0.0556630486371672
871	886.7572473157661	0.0534426507403063
872	887.3142383254151	0.05028184707131611
873	887.8712293350641	0.047693589413904225
874	888.4282203447132	0.0456036174660539
875	888.9852113543623	0.0417860624586468
876	889.5422023640112	0.04199426981400123
877	890.0991933736602	0.03691734545248182
878	890.6561843833092	0.03767859605815693
879	891.2131753929582	0.03425920318539344
880	891.7701664026073	0.032351357890970545
881	892.3271574122564	0.03171152268170918
882	892.8841484219054	0.027754498134347383
883	893.4411394315543	0.028846876112090136
884	893.9981304412033	0.024328313377587785
885	894.5551214508524	0.025982297660440246
886	895.1121124605015	0.02320832878665202
887	895.6691034701505	0.021576944733015413
888	896.2260944797995	0.021370320973271184
889	896.7830854894485	0.017627033566333328
890	897.3400764990974	0.019621929952495454
891	897.8970675087465	0.01673674777361933
892	898.4540585183956	0.017240506089413188
893	899.0110495280446	0.015722898378988326
894	899.5680405376936	0.013901499171566134
895	900.1250315473426	0.015124308449554369
896	900.6820225569917	0.011012410359025337
897	901.2390135666407	0.01438575779757878
898	901.7960045762898	0.010714354779756796
899	902.3529955859387	0.011527534829836705
900	902.9099865955877	0.011123405504688932
901	903.4669776052367	0.009517947934486681
902	904.0239686148858	0.011881037673842298
903	904.5809596245349	0.008644526996269608
904	905.1379506341839	0.010728649561087211
905	905.6949416438329	0.008328507992761192
906	906.2519326534818	0.008464761670824328
907	906.8089236631309	0.010490945703416243
908	907.3659146727799	0.007086722727821071
909	907.922905682429	0.010094589071966364
910	908.479896692078	0.007349124613278635
911	909.036887701727	0.007741322879698087
912	909.593878711376	0.010035348251824838
913	910.1508697210251	0.0067968396814874765
914	910.7078607306742	0.010316699239259042
915	911.2648517403231	0.00597564318180821
916	911.8218427499721	0.00870511894790238
917	912.3788337596211	0.009663619035512716
918	912.9358247692702	0.007400313871534725
919	913.4928157789192	0.00933765774593276
920	914.0498067885683	0.005658593935638168
921	914.6067977982173	0.010227229505426205
922	915.1637888078662	0.009420929977254522
923	915.7207798175153	0.007280480119755017
924	916.2777708271643	0.009970020567037885
925	916.8347618368133	0.008081501668484092
926	917.3917528464624	0.012231769441504836
927	917.9487438561114	0.00899631524729183
928	918.5057348657604	0.007546751281386932
929	919.0627258754095	0.011126590583906304
930	919.6197168850584	0.008477714935047787
931	920.1767078947074	0.012105543521930606
932	920.7336989043565	0.008345062964077665
933	921.2906899140055	0.009232007847778112
934	921.8476809236546	0.012107302845685952
935	922.4046719333036	0.008269153743125868
936	922.9616629429526	0.012443789186903365
937	923.5186539526017	0.008941008781008009
938	924.0756449622506	0.010516928848484097
939	924.6326359718996	0.013157302858372577
940	925.1896269815487	0.008824630362019859
941	925.7466179911977	0.011796615054296633
942	926.3036090008467	0.009757573503150763
943	926.8606000104958	0.010679336009441043
944	927.4175910201448	0.013074237329591787
945	927.9745820297939	0.007723234141566948
946	928.5315730394428	0.012402286346750113
947	929.0885640490918	0.01031856722543023
948	929.6455550587409	0.009919015701970513
949	930.2025460683899	0.012724928210346542
950	930.7595370780389	0.0064804643818614505
951	931.316528087688	0.011830594089516588
952	931.873519097337	0.011221577718399045
953	932.4305101069859	0.008739559171814681
954	932.987501116635	0.01250126764207038
955	933.544492126284	0.006686326188966252
956	934.101483135933	0.010679424076373012
957	934.6584741455821	0.010873185615311698
958	935.2154651552311	0.008110844800793382
959	935.7724561648802	0.012303826679311847
960	936.3294471745292	0.007367526920378342
961	936.8864381841781	0.008105004557913298
962	937.4434291938272	0.010954471919447872
963	938.0004202034762	0.006645327665214751
964	938.5574112131252	0.012216281845370824
965	939.1144022227743	0.007415650203889346
966	939.6713932324233	0.0063427993384732595
967	940.2283842420723	0.009643791079216202
968	940.7853752517213	0.006853606609698137
969	941.3423662613703	0.01130587165619179
970	941.8993572710194	0.007724399685296701
971	942.4563482806684	0.004252503560889465
972	943.0133392903174	0.008461827998807125
973	943.5703302999665	0.00683356981220562
974	944.1273213096155	0.010008774504275841
975	944.6843123192644	0.009089608183675657
976	945.2413033289135	0.002749636170946923
977	945.7982943385625	0.008177653011791186
978	946.3552853482115	0.0072662515459759325
979	946.9122763578606	0.007723392311939303
980	947.4692673675096	0.00958693134448696
981	948.0262583771587	0.002551411461262476
982	948.5832493868077	0.006141712050647841
983	949.1402403964566	0.0077418614802126084
984	949.6972314061057	0.005523494356846181
985	950.2542224157547	0.009424977026480486
986	950.8112134254037	0.00368172249642551
987	951.3682044350528	0.0026089257831161117
988	951.9251954447018	0.008476100426392907
989	952.4821864543508	0.006218298753939644
990	953.0391774639999	0.00819180913164741
991	953.5961684736488	0.004932255519584761
992	954.1531594832978	0.0016537401187868284
993	954.7101504929469	0.009616064249856726
994	955.2671415025959	0.008339794309081494
995	955.824132512245	0.006562680282682698
996	956.381123521894	0.006391038193107379
997	956.938114531543	0.0025130283926351193
998	957.4951055411921	0.0075473784981041625
999	958.052096550841	0.009806876451973423
1000	958.60908756049	0.005404412430590089
1001	959.1660785701391	0.0076592474408363476
1002	959.7230695797881	0.00481318029324429
1003	960.2800605894371	0.0047543563674079525
1004	960.8370515990862	0.009900168326856473
1005	961.3940426087352	0.007849578888219466
1006	961.9510336183843	0.006552841470946369
1007	962.5080246280332	0.005186644202128443
1008	963.0650156376822	0.0032202148054146784
1009	963.6220066473313	0.008824463095212898
1010	964.1789976569803	0.009621657204260448
1011	964.7359886666293	0.007412758559819155
1012	965.2929796762784	0.007539482907387929
1013	965.8499706859274	0.0040888181520434275
1014	966.4069616955763	0.005197043809578639
1015	966.9639527052254	0.010825066318395082
1016	967.5209437148744	0.009268984320414675
1017	968.0779347245234	0.008859746101267718
1018	968.6349257341725	0.006852386040487435
1019	969.1919167438215	0.003830857928311282
1020	969.7489077534706	0.00793913027970894
1021	970.3058987631196	0.010152530519257463
1022	970.8628897727685	0.009334107133239233
1023	971.4198807824176	0.010388793030239651
